<?xml version="1.0" encoding="UTF-8"?>
<!DOCTYPE beans PUBLIC
     "-//SPRING//DTD BEAN 2.0//EN"
     "http://www.springframework.org/dtd/spring-beans-2.0.dtd">
<beans>
	<bean id="message1" class="com.java.spr.MessageImpl">
		<property name="msg" value="Good Morning...!" />
	</bean>
	<bean id="message2" class="com.java.spr.MessageImpl">
		<property name="msg" value="Good Afternoon...!" />
	</bean>
	<bean id="message3" class="com.java.spr.MessageImpl">
		<property name="msg" value="Good Evening...!" />
	</bean>
	
</beans>