<?xml version="1.0" encoding="UTF-8"?>
<!DOCTYPE beans PUBLIC 
"-//SPRING//DTD BEAN//EN" 
"http://www.springframework.org/dtd/spring-beans.dtd">
<beans>
	<bean id="student1" class="com.java.spr.Student">
		<property name="sno" value="1" />
		<property name="firstName" value="Anil" />
		<property name="lastName" value="Verma" />
	</bean>
	<bean id="student2" class="com.java.spr.Student">
		<property name="sno" value="3" />
		<property name="firstName" value="Adi" />
		<property name="lastName" value="Lakshmi" />
	</bean>
	<bean id="student3" class="com.java.spr.Student">
		<property name="sno" value="3" />
		<property name="firstName" value="Manohar" />
		<property name="lastName" value="D" />
	</bean>
	<bean id="trainer" class="com.java.spr.Trainer">
		<property name="trainerName" value="Prasanna" />
		<property name="location" value="Hyderabad" />
		<property name="studentList">
			<list>
				<ref bean="student1" />
				<ref bean="student2" />
				<ref bean="student3" />
			</list>
		</property>
	</bean>
</beans>